[
  { "model": "tracker.position", "pk": 1, "fields": { "name": "Project Manager" } },
  { "model": "tracker.position", "pk": 2, "fields": { "name": "Senior Python Developer" } },
  { "model": "tracker.position", "pk": 3, "fields": { "name": "QA Engineer" } },
  { "model": "tracker.position", "pk": 4, "fields": { "name": "DevOps Engineer" } },
  { "model": "tracker.position", "pk": 5, "fields": { "name": "UI/UX Designer" } },

  { "model": "tracker.tasktype", "pk": 1, "fields": { "name": "Bug" } },
  { "model": "tracker.tasktype", "pk": 2, "fields": { "name": "New Feature" } },
  { "model": "tracker.tasktype", "pk": 3, "fields": { "name": "Documentation" } },
  { "model": "tracker.tasktype", "pk": 4, "fields": { "name": "Code Review" } },
  { "model": "tracker.tasktype", "pk": 5, "fields": { "name": "Testing" } },

  { "model": "tracker.worker", "pk": 1, "fields": { "password": "pbkdf2_sha256$1000000$s5983UiB3RzUf0xygParpD$ig+82whDle5pB3ethT4XKwYvOZwNpJip/yXuuoSjhjA=", "last_login": null, "is_superuser": true, "username": "admin", "first_name": "Admin", "last_name": "User", "email": "admin@example.com", "is_staff": true, "is_active": true, "date_joined": "2024-01-01T00:00:00Z", "position": 1, "groups": [], "user_permissions": [] } },
  { "model": "tracker.worker", "pk": 2, "fields": { "password": "", "last_login": null, "is_superuser": false, "username": "johndoe", "first_name": "John", "last_name": "Doe", "email": "jdoe@example.com", "is_staff": false, "is_active": true, "date_joined": "2024-01-01T00:00:00Z", "position": 2, "groups": [], "user_permissions": [] } },
  { "model": "tracker.worker", "pk": 3, "fields": { "password": "", "last_login": null, "is_superuser": false, "username": "emily_davis", "first_name": "Emily", "last_name": "Davis", "email": "edavis@example.com", "is_staff": false, "is_active": true, "date_joined": "2024-01-01T00:00:00Z", "position": 2, "groups": [], "user_permissions": [] } },
  { "model": "tracker.worker", "pk": 4, "fields": { "password": "", "last_login": null, "is_superuser": false, "username": "michael_chen", "first_name": "Michael", "last_name": "Chen", "email": "mchen@example.com", "is_staff": false, "is_active": true, "date_joined": "2024-01-01T00:00:00Z", "position": 3, "groups": [], "user_permissions": [] } },
  { "model": "tracker.worker", "pk": 5, "fields": { "password": "", "last_login": null, "is_superuser": false, "username": "sarah_jones", "first_name": "Sarah", "last_name": "Jones", "email": "sjones@example.com", "is_staff": false, "is_active": true, "date_joined": "2024-01-01T00:00:00Z", "position": 4, "groups": [], "user_permissions": [] } },
  { "model": "tracker.worker", "pk": 6, "fields": { "password": "", "last_login": null, "is_superuser": false, "username": "david_lee", "first_name": "David", "last_name": "Lee", "email": "dlee@example.com", "is_staff": false, "is_active": true, "date_joined": "2024-01-01T00:00:00Z", "position": 5, "groups": [], "user_permissions": [] } },
  { "model": "tracker.worker", "pk": 7, "fields": { "password": "", "last_login": null, "is_superuser": false, "username": "laura_wilson", "first_name": "Laura", "last_name": "Wilson", "email": "lwilson@example.com", "is_staff": false, "is_active": true, "date_joined": "2024-01-01T00:00:00Z", "position": 1, "groups": [], "user_permissions": [] } },
  { "model": "tracker.worker", "pk": 8, "fields": { "password": "", "last_login": null, "is_superuser": false, "username": "chris_martinez", "first_name": "Chris", "last_name": "Martinez", "email": "cmartinez@example.com", "is_staff": false, "is_active": true, "date_joined": "2024-01-01T00:00:00Z", "position": 2, "groups": [], "user_permissions": [] } },
  { "model": "tracker.worker", "pk": 9, "fields": { "password": "", "last_login": null, "is_superuser": false, "username": "jessica_an", "first_name": "Jessica", "last_name": "An", "email": "jan@example.com", "is_staff": false, "is_active": true, "date_joined": "2024-01-01T00:00:00Z", "position": 3, "groups": [], "user_permissions": [] } },
  { "model": "tracker.worker", "pk": 10, "fields": { "password": "", "last_login": null, "is_superuser": false, "username": "robert_taylor", "first_name": "Robert", "last_name": "Taylor", "email": "rtaylor@example.com", "is_staff": false, "is_active": true, "date_joined": "2024-01-01T00:00:00Z", "position": 4, "groups": [], "user_permissions": [] } },
  { "model": "tracker.worker", "pk": 11, "fields": { "password": "", "last_login": null, "is_superuser": false, "username": "olivia_brown", "first_name": "Olivia", "last_name": "Brown", "email": "obrown@example.com", "is_staff": false, "is_active": true, "date_joined": "2024-01-01T00:00:00Z", "position": 5, "groups": [], "user_permissions": [] } },
  { "model": "tracker.worker", "pk": 12, "fields": { "password": "", "last_login": null, "is_superuser": false, "username": "daniel_garcia", "first_name": "Daniel", "last_name": "Garcia", "email": "dgarcia@example.com", "is_staff": false, "is_active": true, "date_joined": "2024-01-01T00:00:00Z", "position": 2, "groups": [], "user_permissions": [] } },
  { "model": "tracker.worker", "pk": 13, "fields": { "password": "", "last_login": null, "is_superuser": false, "username": "sophia_miller", "first_name": "Sophia", "last_name": "Miller", "email": "smiller@example.com", "is_staff": false, "is_active": true, "date_joined": "2024-01-01T00:00:00Z", "position": 3, "groups": [], "user_permissions": [] } },
  { "model": "tracker.worker", "pk": 14, "fields": { "password": "", "last_login": null, "is_superuser": false, "username": "james_clark", "first_name": "James", "last_name": "Clark", "email": "jclark@example.com", "is_staff": false, "is_active": true, "date_joined": "2024-01-01T00:00:00Z", "position": 4, "groups": [], "user_permissions": [] } },

  { "model": "tracker.task", "pk": 1, "fields": { "name": "Refactor authentication module", "description": "Update the authentication system to use a more secure token-based method.", "deadline": "2027-08-01", "is_completed": false, "priority": "HIGH", "task_type": 2, "assignees": [2, 3, 8] } },
  { "model": "tracker.task", "pk": 2, "fields": { "name": "Fix login button CSS on mobile", "description": "The login button is misaligned on screens smaller than 576px.", "deadline": "2023-12-10", "is_completed": true, "priority": "MEDIUM", "task_type": 1, "assignees": [6, 11] } },
  { "model": "tracker.task", "pk": 3, "fields": { "name": "Write API documentation for V2", "description": "Document all endpoints for the new V2 API using Swagger/OpenAPI.", "deadline": "2027-09-15", "is_completed": false, "priority": "MEDIUM", "task_type": 3, "assignees": [3, 12] } },
  { "model": "tracker.task", "pk": 4, "fields": { "name": "Set up production server monitoring", "description": "Implement Prometheus and Grafana for server monitoring.", "deadline": "2027-07-20", "is_completed": false, "priority": "URGENT", "task_type": 2, "assignees": [5, 10, 14] } },
  { "model": "tracker.task", "pk": 5, "fields": { "name": "Test new dashboard widgets", "description": "Perform regression testing on all new dashboard components.", "deadline": "2023-11-20", "is_completed": true, "priority": "HIGH", "task_type": 5, "assignees": [4, 9, 13] } },
  { "model": "tracker.task", "pk": 6, "fields": { "name": "Design new user profile page", "description": "Create mockups and a prototype for the redesigned user profile page.", "deadline": "2027-10-01", "is_completed": false, "priority": "MEDIUM", "task_type": 2, "assignees": [6, 11] } },
  { "model": "tracker.task", "pk": 7, "fields": { "name": "Review pull request #128", "description": "Code review for the new caching mechanism.", "deadline": "2027-06-25", "is_completed": false, "priority": "LOW", "task_type": 4, "assignees": [2, 8] } },
  { "model": "tracker.task", "pk": 8, "fields": { "name": "Database migration to PostgreSQL", "description": "Plan and execute the full database migration from SQLite.", "deadline": "2028-01-01", "is_completed": false, "priority": "URGENT", "task_type": 2, "assignees": [5, 10, 14] } },
  { "model": "tracker.task", "pk": 9, "fields": { "name": "Investigate memory leak in worker process", "description": "The background worker process is showing a gradual increase in memory usage.", "deadline": "2027-07-10", "is_completed": false, "priority": "URGENT", "task_type": 1, "assignees": [2, 5] } },
  { "model": "tracker.task", "pk": 10, "fields": { "name": "Optimize task list query", "description": "The main task list page is slow to load. Use select_related and prefetch_related.", "deadline": "2024-02-20", "is_completed": true, "priority": "HIGH", "task_type": 2, "assignees": [3, 8, 12] } },
  { "model": "tracker.task", "pk": 11, "fields": { "name": "Update frontend dependencies", "description": "Update Bootstrap and other JS libraries to their latest stable versions.", "deadline": "2027-11-15", "is_completed": false, "priority": "LOW", "task_type": 2, "assignees": [6, 11] } },
  { "model": "tracker.task", "pk": 12, "fields": { "name": "Onboard new QA engineer", "description": "Prepare documentation and a training plan for the new team member.", "deadline": "2024-04-15", "is_completed": true, "priority": "MEDIUM", "task_type": 3, "assignees": [1, 7] } },
  { "model": "tracker.task", "pk": 13, "fields": { "name": "Create E2E tests for registration", "description": "Write end-to-end tests covering the entire user registration and login flow.", "deadline": "2027-12-01", "is_completed": false, "priority": "HIGH", "task_type": 5, "assignees": [4, 9] } },
  { "model": "tracker.task", "pk": 14, "fields": { "name": "User survey for Q4 features", "description": "Prepare and send out a survey to gather feedback on potential new features for Q4.", "deadline": "2027-08-28", "is_completed": false, "priority": "MEDIUM", "task_type": 2, "assignees": [1, 7, 11] } },
  { "model": "tracker.task", "pk": 15, "fields": { "name": "Code review for PR #155", "description": "Review the implementation of the search functionality.", "deadline": "2024-03-10", "is_completed": true, "priority": "LOW", "task_type": 4, "assignees": [2, 3] } },
  { "model": "tracker.task", "pk": 16, "fields": { "name": "Set up CI/CD pipeline", "description": "Configure GitHub Actions to automatically run tests and deploy to staging.", "deadline": "2027-08-20", "is_completed": false, "priority": "HIGH", "task_type": 2, "assignees": [5, 10] } },
  { "model": "tracker.task", "pk": 17, "fields": { "name": "Fix typo on the pricing page", "description": "There is a typo in the description of the Enterprise plan.", "deadline": "2024-01-05", "is_completed": true, "priority": "LOW", "task_type": 1, "assignees": [6] } },
  { "model": "tracker.task", "pk": 18, "fields": { "name": "Write documentation for 'My Tasks' page", "description": "Explain how the 'My Tasks' page works and how tasks are sorted.", "deadline": "2027-09-30", "is_completed": false, "priority": "LOW", "task_type": 3, "assignees": [2] } },
  { "model": "tracker.task", "pk": 19, "fields": { "name": "A/B test new call-to-action button", "description": "Set up an A/B test for the new green CTA button on the homepage.", "deadline": "2027-10-10", "is_completed": false, "priority": "MEDIUM", "task_type": 5, "assignees": [11, 4] } },
  { "model": "tracker.task", "pk": 20, "fields": { "name": "Refactor CSS into BEM methodology", "description": "Update all legacy CSS files to follow the BEM naming convention.", "deadline": "2028-02-01", "is_completed": false, "priority": "MEDIUM", "task_type": 2, "assignees": [6, 11] } },
  { "model": "tracker.task", "pk": 21, "fields": { "name": "Create new logo variations", "description": "Design new logo versions for dark mode and for social media profiles.", "deadline": "2027-09-25", "is_completed": false, "priority": "HIGH", "task_type": 2, "assignees": [6] } },
  { "model": "tracker.task", "pk": 22, "fields": { "name": "Perform security audit", "description": "Run a full security audit on the application and its dependencies.", "deadline": "2027-11-01", "is_completed": false, "priority": "URGENT", "task_type": 5, "assignees": [5, 10, 14] } },
  { "model": "tracker.task", "pk": 23, "fields": { "name": "Code review for PR #190", "description": "Review the dashboard implementation.", "deadline": "2027-10-29", "is_completed": false, "priority": "MEDIUM", "task_type": 4, "assignees": [2, 8] } },
  { "model": "tracker.task", "pk": 24, "fields": { "name": "Add pagination to position list", "description": "The list of positions is getting long and needs pagination.", "deadline": "2024-02-15", "is_completed": true, "priority": "LOW", "task_type": 2, "assignees": [3, 12] } },
  { "model": "tracker.task", "pk": 25, "fields": { "name": "Document the fixture creation process", "description": "Write a guide in the README on how to create and load data fixtures.", "deadline": "2028-03-01", "is_completed": false, "priority": "LOW", "task_type": 3, "assignees": [1] } }
]